metric,value
roc_auc,0.8392344088916037
pr_auc,0.6376872917356209
f1,0.6022514071294559
accuracy,0.6986496090973703
