metric,value
roc_auc,0.8394155955086426
pr_auc,0.6353289452255619
f1,0.6001863932898416
accuracy,0.6950959488272921
